page	anchor
general/agents/guides/review-delegation-framing.md	#3444
general/agents/guides/review-delegation-framing.md	#3444
general/ci/guides/inspect-existing-tests-first.md	5 GiB
general/ci/guides/inspect-existing-tests-first.md	#3297
general/ci/guides/inspect-existing-tests-first.md	#3297
general/ci/guides/inspect-existing-tests-first.md	#3297
general/planning/guides/implementation-validation.md	pipeline_hunyuan_image3.py:287
general/planning/guides/implementation-validation.md	hunyuan3.0_ins/image_processor.py:32
general/planning/guides/implementation-validation.md	#3734
general/remote/guides/debug-basics.md	#3743
general/remote/guides/hf-offline-mandatory.md	160GB
general/remote/guides/node-basics.md	160GB
general/remote/guides/remote-long-run.md	#3767
general/remote/guides/remote-long-run.md	7758.9ms
general/remote/guides/remote-long-run.md	7892.4ms
general/remote/guides/remote-long-run.md	10430.6ms
general/remote/guides/serving-failfast-cleanup.md	#3938
general/remote/guides/serving-failfast-cleanup.md	#3767
general/remote/guides/serving-failfast-cleanup.md	1.38GiB
general/remote/incidents/2026-04-21-remote-ssh-slurm-container-01.md	inc-2026-04-21-remote-ssh-slurm-container-01
general/remote/incidents/2026-04-22-remote-ssh-slurm-container-02.md	inc-2026-04-22-remote-ssh-slurm-container-02
general/remote/incidents/2026-04-23-remote-ssh-slurm-container-03.md	inc-2026-04-23-remote-ssh-slurm-container-03
general/remote/incidents/2026-04-23-remote-ssh-slurm-container-04.md	inc-2026-04-23-remote-ssh-slurm-container-04
general/remote/incidents/2026-04-27-remote-ssh-slurm-container-05.md	inc-2026-04-27-remote-ssh-slurm-container-05
general/remote/incidents/2026-04-27-remote-ssh-slurm-container-06.md	inc-2026-04-27-remote-ssh-slurm-container-06
general/remote/incidents/2026-04-27-remote-ssh-slurm-container-07.md	inc-2026-04-27-remote-ssh-slurm-container-07
general/remote/incidents/2026-04-27-remote-ssh-slurm-container-08.md	inc-2026-04-27-remote-ssh-slurm-container-08
general/remote/incidents/2026-05-14-remote-venv-and-cleanup-01.md	inc-2026-05-14-remote-venv-and-cleanup-01
general/remote/incidents/2026-05-14-remote-venv-and-cleanup-01.md	8.8GB
general/remote/incidents/2026-05-14-remote-venv-and-cleanup-01.md	25GB
general/remote/incidents/2026-05-20-remote-venv-and-cleanup-02.md	inc-2026-05-20-remote-venv-and-cleanup-02
general/remote/incidents/2026-05-20-remote-venv-and-cleanup-02.md	#3743
general/review/guides/algorithm-vs-framework-fix.md	#3444
general/review/guides/algorithm-vs-framework-fix.md	#3444
general/review/guides/algorithm-vs-framework-fix.md	#3444
general/review/guides/code-taste-api-surface.md	#3626
general/review/guides/codex-review-lessons.md	#3444
general/review/guides/codex-review-lessons.md	#3444
general/review/guides/narrow-optimization-scope.md	#3444
general/review/guides/narrow-optimization-scope.md	#3444
general/review/guides/narrow-optimization-scope.md	#3444
general/review/guides/narrow-optimization-scope.md	#3444
general/review/guides/reviewer-lens-audit.md	#3626
general/review/guides/reviewer-lens-cases.md	#3626
general/review/guides/reviewer-lens-cases.md	#3734
general/review/guides/reviewer-lens-cases.md	#3734
general/review/guides/reviewer-lens-cases.md	#3723
general/review/guides/reviewer-lens-cases.md	#4381
general/review/guides/upstream-first-for-algorithm.md	#3444
general/review/guides/upstream-first-for-algorithm.md	#3444
general/review/guides/upstream-first-for-algorithm.md	modeling_hunyuan_image_3.py:3289
general/review/guides/upstream-first-for-algorithm.md	#3444
general/review/guides/upstream-first-for-algorithm.md	#3626
general/review/guides/upstream-first-for-algorithm.md	#3626
general/review/guides/upstream-first-for-algorithm.md	#3474
general/review/guides/upstream-first-for-algorithm.md	#3474
general/review/guides/upstream-first-for-algorithm.md	#3444
general/review/guides/upstream-first-for-algorithm.md	#3626
general/review/guides/upstream-first-for-algorithm.md	#3474
repos/vllm-omni/benchmark/guides/ar-dstep-investigation.md	1GB
repos/vllm-omni/benchmark/guides/ar-dstep-investigation.md	205ms
repos/vllm-omni/benchmark/guides/ar-dstep-investigation.md	50ms
repos/vllm-omni/benchmark/guides/ar-dstep-investigation.md	50ms
repos/vllm-omni/benchmark/guides/ar-graph-gap-analysis.md	100ms
repos/vllm-omni/benchmark/guides/ar-graph-gap-analysis.md	78ms
repos/vllm-omni/benchmark/guides/ar-graph-gap-analysis.md	80ms
repos/vllm-omni/benchmark/guides/ar-graph-gap-analysis.md	10ms
repos/vllm-omni/benchmark/guides/ar-graph-gap-analysis.md	925ms
repos/vllm-omni/benchmark/guides/ar-graph-gap-analysis.md	14.7ms
repos/vllm-omni/benchmark/guides/ar-graph-gap-analysis.md	15.5ms
repos/vllm-omni/benchmark/guides/ar-graph-gap-analysis.md	6.7ms
repos/vllm-omni/benchmark/guides/ar-graph-gap-analysis.md	10ms
repos/vllm-omni/benchmark/guides/ar-graph-gap-analysis.md	10ms
repos/vllm-omni/benchmark/guides/ar-graph-gap-analysis.md	96ms
repos/vllm-omni/benchmark/guides/ar-graph-gap-analysis.md	7ms
repos/vllm-omni/benchmark/guides/ar-graph-gap-analysis.md	5.9ms
repos/vllm-omni/benchmark/guides/ar-graph-gap-analysis.md	91.9ms
repos/vllm-omni/benchmark/guides/ar-graph-gap-analysis.md	8.5ms
repos/vllm-omni/benchmark/guides/ar-graph-gap-analysis.md	6ms
repos/vllm-omni/benchmark/guides/ar-graph-gap-analysis.md	82.150ms
repos/vllm-omni/benchmark/guides/ar-graph-gap-analysis.md	gpu_model_runner.py:2444
repos/vllm-omni/benchmark/guides/ar-graph-gap-analysis.md	multimodal/inputs.py:179
repos/vllm-omni/benchmark/guides/ar-graph-gap-analysis.md	1GB
repos/vllm-omni/benchmark/guides/ar-graph-gap-analysis.md	/vllm-omni/vllm_omni/model_executor/models/hunyuan_image3/hunyuan_image3.py:2011
repos/vllm-omni/benchmark/guides/ar-graph-gap-analysis.md	205ms
repos/vllm-omni/benchmark/guides/ar-graph-gap-analysis.md	50ms
repos/vllm-omni/benchmark/guides/ar-graph-gap-analysis.md	50ms
repos/vllm-omni/benchmark/guides/ar-graph-gap-analysis.md	290ms
repos/vllm-omni/benchmark/guides/benchmark-scope.md	#3938
repos/vllm-omni/benchmark/guides/benchmark-scope.md	#3767
repos/vllm-omni/benchmark/guides/benchmark-scope.md	#3767
repos/vllm-omni/benchmark/guides/benchmark-scope.md	#3938
repos/vllm-omni/benchmark/guides/benchmark-scope.md	#3938
repos/vllm-omni/benchmark/guides/benchmark-scope.md	#3767
repos/vllm-omni/benchmark/guides/benchmark-scope.md	#3938
repos/vllm-omni/benchmark/guides/benchmark-scope.md	#3767
repos/vllm-omni/benchmark/guides/benchmark-scope.md	#3938
repos/vllm-omni/benchmark/guides/benchmark-scope.md	#3938
repos/vllm-omni/benchmark/guides/benchmark-scope.md	#3767
repos/vllm-omni/benchmark/guides/benchmark-scope.md	#3767
repos/vllm-omni/benchmark/guides/benchmark-scope.md	#3938
repos/vllm-omni/benchmark/guides/benchmark-scope.md	#3938
repos/vllm-omni/benchmark/guides/benchmark-scope.md	#3767
repos/vllm-omni/benchmark/guides/benchmark-scope.md	#3767
repos/vllm-omni/benchmark/guides/dynamic-batching-validation.md	#3766
repos/vllm-omni/benchmark/guides/dynamic-batching-validation.md	#3857
repos/vllm-omni/benchmark/guides/evidence-gate.md	#4464
repos/vllm-omni/benchmark/guides/evidence-gate.md	#4464
repos/vllm-omni/benchmark/guides/evidence-gate.md	20 steps
repos/vllm-omni/benchmark/guides/full-pipeline-benchmark.md	#3938
repos/vllm-omni/benchmark/guides/full-pipeline-benchmark.md	#3938
repos/vllm-omni/benchmark/guides/full-pipeline-benchmark.md	1GB
repos/vllm-omni/benchmark/guides/full-pipeline-benchmark.md	1ms
repos/vllm-omni/benchmark/guides/grouped-dit-benchmark.md	#4041
repos/vllm-omni/benchmark/guides/grouped-dit-benchmark.md	50 steps
repos/vllm-omni/benchmark/incidents/2026-04-23-profiling-and-model-loading-01.md	inc-2026-04-23-profiling-and-model-loading-01
repos/vllm-omni/benchmark/incidents/2026-04-23-profiling-and-model-loading-02.md	inc-2026-04-23-profiling-and-model-loading-02
repos/vllm-omni/benchmark/incidents/2026-04-27-profiling-and-model-loading-03.md	inc-2026-04-27-profiling-and-model-loading-03
repos/vllm-omni/benchmark/incidents/2026-04-27-profiling-and-model-loading-04.md	inc-2026-04-27-profiling-and-model-loading-04
repos/vllm-omni/benchmark/incidents/2026-04-27-profiling-and-model-loading-05.md	inc-2026-04-27-profiling-and-model-loading-05
repos/vllm-omni/benchmark/incidents/2026-04-27-profiling-and-model-loading-05.md	pipeline_hunyuan_image3.py:114
repos/vllm-omni/benchmark/incidents/2026-04-27-profiling-and-model-loading-06.md	inc-2026-04-27-profiling-and-model-loading-06
repos/vllm-omni/benchmark/incidents/2026-04-28-profiling-and-model-loading-07.md	inc-2026-04-28-profiling-and-model-loading-07
repos/vllm-omni/benchmark/incidents/2026-04-28-profiling-and-model-loading-08.md	inc-2026-04-28-profiling-and-model-loading-08
repos/vllm-omni/benchmark/incidents/2026-04-28-profiling-and-model-loading-09.md	inc-2026-04-28-profiling-and-model-loading-09
repos/vllm-omni/benchmark/incidents/2026-04-28-profiling-and-model-loading-10.md	inc-2026-04-28-profiling-and-model-loading-10
repos/vllm-omni/benchmark/incidents/2026-04-28-profiling-and-model-loading-11.md	inc-2026-04-28-profiling-and-model-loading-11
repos/vllm-omni/benchmark/incidents/2026-04-28-profiling-and-model-loading-12.md	inc-2026-04-28-profiling-and-model-loading-12
repos/vllm-omni/benchmark/incidents/2026-04-28-profiling-and-model-loading-13.md	23GB
repos/vllm-omni/benchmark/incidents/2026-04-28-profiling-and-model-loading-13.md	inc-2026-04-28-profiling-and-model-loading-13
repos/vllm-omni/benchmark/incidents/2026-04-28-profiling-and-model-loading-13.md	23GB
repos/vllm-omni/benchmark/incidents/2026-04-28-profiling-and-model-loading-13.md	250GB
repos/vllm-omni/benchmark/incidents/2026-04-28-profiling-and-model-loading-13.md	23GB
repos/vllm-omni/benchmark/incidents/2026-04-28-profiling-and-model-loading-13.md	1.2GB
repos/vllm-omni/benchmark/incidents/2026-04-28-profiling-and-model-loading-14.md	inc-2026-04-28-profiling-and-model-loading-14
repos/vllm-omni/benchmark/incidents/2026-04-28-profiling-and-model-loading-15.md	inc-2026-04-28-profiling-and-model-loading-15
repos/vllm-omni/benchmark/incidents/2026-04-28-profiling-and-model-loading-16.md	inc-2026-04-28-profiling-and-model-loading-16
repos/vllm-omni/benchmark/incidents/2026-04-28-profiling-and-model-loading-17.md	inc-2026-04-28-profiling-and-model-loading-17
repos/vllm-omni/benchmark/incidents/2026-04-28-profiling-and-model-loading-18.md	inc-2026-04-28-profiling-and-model-loading-18
repos/vllm-omni/benchmark/incidents/2026-06-17-profiling-and-model-loading-19.md	inc-2026-06-17-profiling-and-model-loading-19
repos/vllm-omni/benchmark/incidents/2026-06-17-profiling-and-model-loading-19.md	20 steps
repos/vllm-omni/benchmark/incidents/2026-06-17-profiling-and-model-loading-20.md	inc-2026-06-17-profiling-and-model-loading-20
repos/vllm-omni/benchmark/incidents/_index.md	23GB
repos/vllm-omni/benchmark/results/ar-2025-04-17.md	76 GB
repos/vllm-omni/benchmark/results/ar-2025-04-17.md	14.26 GB
repos/vllm-omni/benchmark/results/ar-2025-04-17.md	13400 GB
repos/vllm-omni/benchmark/results/ar-graph-online-2026-06-09-no-profiler.md	65.65 tok/s
repos/vllm-omni/benchmark/results/ar-graph-online-2026-06-09-no-profiler.md	68.76 tok/s
repos/vllm-omni/benchmark/results/ar-graph-online-2026-06-09-no-profiler.md	765.88ms
repos/vllm-omni/benchmark/results/ar-graph-online-2026-06-09-no-profiler.md	651.06ms
repos/vllm-omni/benchmark/results/ar-graph-online-2026-06-09-no-profiler.md	14.06ms
repos/vllm-omni/benchmark/results/ar-graph-online-2026-06-09-no-profiler.md	13.77ms
repos/vllm-omni/benchmark/results/ar-graph-online-2026-06-09-no-profiler.md	6.35ms
repos/vllm-omni/benchmark/results/ar-graph-online-2026-06-09-no-profiler.md	6.22ms
repos/vllm-omni/benchmark/results/ar-graph-online-2026-06-09-no-profiler.md	7.74ms
repos/vllm-omni/benchmark/results/ar-graph-online-2026-06-09-no-profiler.md	7.65ms
repos/vllm-omni/benchmark/results/ar-graph-online-2026-06-09-overview.md	1795.63 ms
repos/vllm-omni/benchmark/results/ar-graph-online-2026-06-09-overview.md	792.78 ms
repos/vllm-omni/benchmark/results/ar-graph-online-2026-06-09-overview.md	12.99 ms
repos/vllm-omni/benchmark/results/ar-graph-online-2026-06-09-overview.md	63.93 tok/s
repos/vllm-omni/benchmark/results/ar-graph-online-2026-06-09-overview.md	78.71 GiB
repos/vllm-omni/benchmark/results/ar-graph-online-2026-06-09-timestep-patch.md	790.75ms
repos/vllm-omni/benchmark/results/ar-graph-online-2026-06-09-timestep-patch.md	11.05ms
repos/vllm-omni/benchmark/results/ar-graph-online-2026-06-09-timestep-patch.md	72.96 tok/s
repos/vllm-omni/benchmark/results/ar-graph-online-2026-06-09-timestep-patch.md	336.47ms
repos/vllm-omni/benchmark/results/ar-graph-online-2026-06-09-timestep-patch.md	16.19ms
repos/vllm-omni/benchmark/results/ar-graph-online-2026-06-09-timestep-patch.md	57.87 tok/s
repos/vllm-omni/benchmark/results/ar-graph-online-2026-06-09-timestep-patch.md	47.26ms
repos/vllm-omni/benchmark/results/ar-graph-online-2026-06-09-timestep-patch.md	6.900ms
repos/vllm-omni/benchmark/results/ar-graph-online-2026-06-09-timestep-patch.md	4.593ms
repos/vllm-omni/benchmark/results/ar-graph-online-2026-06-09-timestep-patch.md	6.988ms
repos/vllm-omni/benchmark/results/ar-graph-online-2026-06-09-timestep-patch.md	4.562ms
repos/vllm-omni/benchmark/results/ar-graph-online-2026-06-09-timestep-patch.md	5.344ms
repos/vllm-omni/benchmark/results/ar-graph-online-2026-06-09-timestep-patch.md	4.486ms
repos/vllm-omni/benchmark/results/ar-graph-online-2026-06-09-timestep-patch.md	5.448ms
repos/vllm-omni/benchmark/results/ar-graph-online-2026-06-09-timestep-patch.md	4.478ms
repos/vllm-omni/benchmark/results/ar-graph-online-2026-06-09-timestep-patch.md	1.558ms
repos/vllm-omni/benchmark/results/ar-graph-online-2026-06-09-timestep-patch.md	1.542ms
repos/vllm-omni/benchmark/results/ar-graph-online-2026-06-09-timestep-patch.md	1.631ms
repos/vllm-omni/benchmark/results/ar-graph-online-2026-06-09-timestep-patch.md	3.949ms
repos/vllm-omni/benchmark/results/ar-graph-online-2026-06-09-timestep-patch.md	1.576ms
repos/vllm-omni/benchmark/results/ar-graph-online-2026-06-09-timestep-patch.md	3.662ms
repos/vllm-omni/benchmark/results/ar-graph-online-2026-06-09-timestep-patch.md	672.940ms
repos/vllm-omni/benchmark/results/ar-graph-online-2026-06-09-timestep-patch.md	671.170ms
repos/vllm-omni/benchmark/results/ar-graph-online-2026-06-09-timestep-patch.md	665.505ms
repos/vllm-omni/benchmark/results/ar-graph-online-2026-06-09-timestep-patch.md	691.184ms
repos/vllm-omni/benchmark/results/ar-graph-online-2026-06-09-timestep-patch.md	1.5ms
repos/vllm-omni/benchmark/results/ar-graph-online-2026-06-09-timestep-patch.md	4ms
repos/vllm-omni/benchmark/results/ar-graph-online-2026-06-09-trace.md	78.71 GiB
repos/vllm-omni/benchmark/results/ar-graph-online-2026-06-09-trace.md	821.81ms
repos/vllm-omni/benchmark/results/ar-graph-online-2026-06-09-trace.md	11.28ms
repos/vllm-omni/benchmark/results/ar-graph-online-2026-06-09-trace.md	71.24 tok/s
repos/vllm-omni/benchmark/results/ar-graph-online-2026-06-09-trace.md	347.40ms
repos/vllm-omni/benchmark/results/ar-graph-online-2026-06-09-trace.md	13.71ms
repos/vllm-omni/benchmark/results/ar-graph-online-2026-06-09-trace.md	67.34 tok/s
repos/vllm-omni/benchmark/results/ar-graph-online-2026-06-09-trace.md	6.900ms
repos/vllm-omni/benchmark/results/ar-graph-online-2026-06-09-trace.md	5.344ms
repos/vllm-omni/benchmark/results/ar-graph-online-2026-06-09-trace.md	1.558ms
repos/vllm-omni/benchmark/results/ar-graph-online-2026-06-09-trace.md	1.631ms
repos/vllm-omni/benchmark/results/ar-graph-online-2026-06-09-trace.md	6.988ms
repos/vllm-omni/benchmark/results/ar-graph-online-2026-06-09-trace.md	5.448ms
repos/vllm-omni/benchmark/results/ar-graph-online-2026-06-09-trace.md	1.542ms
repos/vllm-omni/benchmark/results/ar-graph-online-2026-06-09-trace.md	1.576ms
repos/vllm-omni/benchmark/results/ar-graph-online-2026-06-09-trace.md	4.892ms
repos/vllm-omni/benchmark/results/ar-graph-online-2026-06-09-trace.md	4.207ms
repos/vllm-omni/benchmark/results/ar-graph-online-2026-06-09-trace.md	4.921ms
repos/vllm-omni/benchmark/results/ar-graph-online-2026-06-09-trace.md	9.814ms
repos/vllm-omni/benchmark/results/ar-graph-online-2026-06-09-trace.md	672.940ms
repos/vllm-omni/benchmark/results/ar-graph-online-2026-06-09-trace.md	665.505ms
repos/vllm-omni/benchmark/results/ar-graph-online-2026-06-09-trace.md	vllm_omni/worker/gpu_model_runner.py:1437
repos/vllm-omni/benchmark/results/ar-graph-online-2026-06-09-trace.md	hunyuan_image3.py:1994
repos/vllm-omni/benchmark/results/ar-graph-online-2026-06-09-trace.md	96.043ms
repos/vllm-omni/benchmark/results/ar-graph-online-2026-06-09-trace.md	90.338ms
repos/vllm-omni/benchmark/results/ar-graph-online-2026-06-09-trace.md	1.3ms
repos/vllm-omni/benchmark/results/ar-graph-online-2026-06-10-tail-gap.md	1ms
repos/vllm-omni/benchmark/results/ar-graph-online-2026-06-10-tail-gap.md	1.415ms
repos/vllm-omni/benchmark/results/ar-graph-online-2026-06-10-tail-gap.md	1.470ms
repos/vllm-omni/benchmark/results/ar-graph-online-2026-06-10-tail-gap.md	3.392ms
repos/vllm-omni/benchmark/results/ar-graph-online-2026-06-10-tail-gap.md	1.216ms
repos/vllm-omni/benchmark/results/ar-graph-online-2026-06-10-tail-gap.md	1.250ms
repos/vllm-omni/benchmark/results/ar-graph-online-2026-06-10-tail-gap.md	3.192ms
repos/vllm-omni/benchmark/results/ar-graph-online-2026-06-10-tail-gap.md	672.940ms
repos/vllm-omni/benchmark/results/ar-graph-online-2026-06-10-tail-gap.md	1.400ms
repos/vllm-omni/benchmark/results/ar-graph-online-2026-06-10-tail-gap.md	1.429ms
repos/vllm-omni/benchmark/results/ar-graph-online-2026-06-10-tail-gap.md	3.338ms
repos/vllm-omni/benchmark/results/ar-graph-online-2026-06-10-tail-gap.md	1.205ms
repos/vllm-omni/benchmark/results/ar-graph-online-2026-06-10-tail-gap.md	1.231ms
repos/vllm-omni/benchmark/results/ar-graph-online-2026-06-10-tail-gap.md	3.142ms
repos/vllm-omni/benchmark/results/ar-graph-online-2026-06-10-tail-gap.md	665.505ms
repos/vllm-omni/benchmark/results/ar-graph-online-2026-06-10-tail-gap.md	1.427ms
repos/vllm-omni/benchmark/results/ar-graph-online-2026-06-10-tail-gap.md	3.127ms
repos/vllm-omni/benchmark/results/ar-graph-online-2026-06-10-tail-gap.md	1.217ms
repos/vllm-omni/benchmark/results/ar-graph-online-2026-06-10-tail-gap.md	1.277ms
repos/vllm-omni/benchmark/results/ar-graph-online-2026-06-10-tail-gap.md	3.036ms
repos/vllm-omni/benchmark/results/ar-graph-online-2026-06-10-tail-gap.md	671.170ms
repos/vllm-omni/benchmark/results/ar-graph-online-2026-06-10-tail-gap.md	1.411ms
repos/vllm-omni/benchmark/results/ar-graph-online-2026-06-10-tail-gap.md	2.960ms
repos/vllm-omni/benchmark/results/ar-graph-online-2026-06-10-tail-gap.md	1.233ms
repos/vllm-omni/benchmark/results/ar-graph-online-2026-06-10-tail-gap.md	1.677ms
repos/vllm-omni/benchmark/results/ar-graph-online-2026-06-10-tail-gap.md	3.041ms
repos/vllm-omni/benchmark/results/ar-graph-online-2026-06-10-tail-gap.md	691.184ms
repos/vllm-omni/benchmark/results/ar-graph-online-2026-06-10-tail-gap.md	1ms
repos/vllm-omni/benchmark/results/ar-graph-online-2026-06-10-tail-gap.md	1ms
repos/vllm-omni/benchmark/results/ar-graph-online-2026-06-10-tail-gap.md	184.456ms
repos/vllm-omni/benchmark/results/ar-graph-online-2026-06-10-tail-gap.md	171.808ms
repos/vllm-omni/benchmark/results/ar-graph-online-2026-06-10-tail-gap.md	189.324ms
repos/vllm-omni/benchmark/results/ar-graph-online-2026-06-10-tail-gap.md	182.378ms
repos/vllm-omni/benchmark/results/ar-graph-online-2026-06-10-tail-gap.md	59.90 tok/s
repos/vllm-omni/benchmark/results/ar-graph-online-2026-06-10-tail-gap.md	68.76 tok/s
repos/vllm-omni/benchmark/results/ar-graph-online-2026-06-10-tail-gap.md	65.81 tok/s
repos/vllm-omni/benchmark/results/ar-graph-online-2026-06-10-tail-gap.md	68.76 tok/s
repos/vllm-omni/benchmark/results/ar-graph-online-2026-06-10-tail-gap.md	3.8ms
repos/vllm-omni/benchmark/results/ar-graph-online-2026-06-12-evidence.md	#4363
repos/vllm-omni/benchmark/results/ar-graph-online-2026-06-12-evidence.md	50ms
repos/vllm-omni/benchmark/results/ar-graph-online-2026-06-12-evidence.md	209.153ms
repos/vllm-omni/benchmark/results/ar-graph-online-2026-06-12-evidence.md	10.174ms
repos/vllm-omni/benchmark/results/ar-graph-online-2026-06-12-evidence.md	5.910ms
repos/vllm-omni/benchmark/results/ar-graph-online-2026-06-12-evidence.md	1.642ms
repos/vllm-omni/benchmark/results/ar-graph-online-2026-06-12-evidence.md	15.93ms
repos/vllm-omni/benchmark/results/ar-graph-online-2026-06-12-evidence.md	15.25ms
repos/vllm-omni/benchmark/results/ar-graph-online-2026-06-12-evidence.md	6.84ms
repos/vllm-omni/benchmark/results/ar-graph-online-2026-06-12-evidence.md	6.54ms
repos/vllm-omni/ci/guides/ci-gotchas.md	#2495
repos/vllm-omni/ci/incidents/2026-04-22-ci-and-testing-09.md	inc-2026-04-22-ci-and-testing-09
repos/vllm-omni/ci/incidents/2026-04-25-ci-and-testing-10.md	inc-2026-04-25-ci-and-testing-10
repos/vllm-omni/ci/incidents/2026-05-04-ci-and-testing-11.md	inc-2026-05-04-ci-and-testing-11
repos/vllm-omni/ci/incidents/2026-05-04-ci-and-testing-12.md	inc-2026-05-04-ci-and-testing-12
repos/vllm-omni/ci/incidents/2026-05-04-ci-and-testing-13.md	inc-2026-05-04-ci-and-testing-13
repos/vllm-omni/ci/incidents/2026-05-04-ci-and-testing-14.md	inc-2026-05-04-ci-and-testing-14
repos/vllm-omni/ci/incidents/2026-05-08-ci-and-testing-15.md	#3055
repos/vllm-omni/ci/incidents/2026-05-08-ci-and-testing-15.md	inc-2026-05-08-ci-and-testing-15
repos/vllm-omni/ci/incidents/2026-05-08-ci-and-testing-15.md	#3055
repos/vllm-omni/ci/incidents/2026-05-08-ci-and-testing-15.md	#3055
repos/vllm-omni/ci/incidents/2026-05-08-ci-and-testing-15.md	#3055
repos/vllm-omni/ci/incidents/2026-05-08-ci-and-testing-15.md	110GB
repos/vllm-omni/ci/incidents/2026-05-08-ci-and-testing-15.md	143GB
repos/vllm-omni/ci/incidents/2026-05-08-ci-and-testing-15.md	#3055
repos/vllm-omni/ci/incidents/2026-05-08-ci-and-testing-15.md	#3055
repos/vllm-omni/ci/incidents/2026-05-08-ci-and-testing-15.md	143GB
repos/vllm-omni/ci/incidents/2026-05-08-ci-and-testing-15.md	57GB
repos/vllm-omni/ci/incidents/2026-05-08-ci-and-testing-15.md	#3055
repos/vllm-omni/ci/incidents/2026-05-08-ci-and-testing-16.md	inc-2026-05-08-ci-and-testing-16
repos/vllm-omni/ci/incidents/2026-05-08-ci-and-testing-16.md	#3055
repos/vllm-omni/ci/incidents/2026-05-08-ci-and-testing-16.md	#3055
repos/vllm-omni/ci/incidents/2026-05-08-ci-and-testing-17.md	#3332
repos/vllm-omni/ci/incidents/2026-05-08-ci-and-testing-17.md	inc-2026-05-08-ci-and-testing-17
repos/vllm-omni/ci/incidents/2026-05-08-ci-and-testing-17.md	#3332
repos/vllm-omni/ci/incidents/2026-05-08-ci-and-testing-17.md	#3332
repos/vllm-omni/ci/incidents/2026-05-08-ci-and-testing-17.md	vllm_omni/outputs.py:58
repos/vllm-omni/ci/incidents/2026-05-08-ci-and-testing-18.md	inc-2026-05-08-ci-and-testing-18
repos/vllm-omni/ci/incidents/2026-05-19-ci-and-testing-06.md	#3723
repos/vllm-omni/ci/incidents/2026-05-19-ci-and-testing-06.md	inc-2026-05-19-ci-and-testing-06
repos/vllm-omni/ci/incidents/2026-05-19-ci-and-testing-06.md	#3723
repos/vllm-omni/ci/incidents/2026-05-19-ci-and-testing-06.md	#3723
repos/vllm-omni/ci/incidents/2026-05-19-ci-and-testing-07.md	inc-2026-05-19-ci-and-testing-07
repos/vllm-omni/ci/incidents/2026-05-19-ci-and-testing-07.md	vllm_omni/entrypoints/openai/serving_chat.py:2583
repos/vllm-omni/ci/incidents/2026-05-19-ci-and-testing-08.md	inc-2026-05-19-ci-and-testing-08
repos/vllm-omni/ci/incidents/2026-05-21-ci-and-testing-04.md	#3766
repos/vllm-omni/ci/incidents/2026-05-21-ci-and-testing-04.md	inc-2026-05-21-ci-and-testing-04
repos/vllm-omni/ci/incidents/2026-05-21-ci-and-testing-04.md	#3766
repos/vllm-omni/ci/incidents/2026-05-21-ci-and-testing-04.md	#3766
repos/vllm-omni/ci/incidents/2026-05-21-ci-and-testing-05.md	#3723
repos/vllm-omni/ci/incidents/2026-05-21-ci-and-testing-05.md	inc-2026-05-21-ci-and-testing-05
repos/vllm-omni/ci/incidents/2026-05-21-ci-and-testing-05.md	#3723
repos/vllm-omni/ci/incidents/2026-05-26-ci-and-testing-03.md	#3766
repos/vllm-omni/ci/incidents/2026-05-26-ci-and-testing-03.md	inc-2026-05-26-ci-and-testing-03
repos/vllm-omni/ci/incidents/2026-05-26-ci-and-testing-03.md	#3766
repos/vllm-omni/ci/incidents/2026-05-26-ci-and-testing-03.md	#3857
repos/vllm-omni/ci/incidents/2026-05-26-ci-and-testing-19.md	#3474
repos/vllm-omni/ci/incidents/2026-05-26-ci-and-testing-19.md	inc-2026-05-26-ci-and-testing-19
repos/vllm-omni/ci/incidents/2026-05-26-ci-and-testing-19.md	#3474
repos/vllm-omni/ci/incidents/2026-05-29-ci-and-testing-01.md	#3734
repos/vllm-omni/ci/incidents/2026-05-29-ci-and-testing-01.md	inc-2026-05-29-ci-and-testing-01
repos/vllm-omni/ci/incidents/2026-05-29-ci-and-testing-01.md	#3734
repos/vllm-omni/ci/incidents/2026-05-29-ci-and-testing-01.md	#3734
repos/vllm-omni/ci/incidents/2026-05-29-ci-and-testing-01.md	#10620
repos/vllm-omni/ci/incidents/2026-05-29-ci-and-testing-01.md	#8143
repos/vllm-omni/ci/incidents/2026-05-29-ci-and-testing-01.md	#4632
repos/vllm-omni/ci/incidents/2026-05-29-ci-and-testing-02.md	#3734
repos/vllm-omni/ci/incidents/2026-05-29-ci-and-testing-02.md	inc-2026-05-29-ci-and-testing-02
repos/vllm-omni/ci/incidents/2026-05-29-ci-and-testing-02.md	#3734
repos/vllm-omni/ci/incidents/2026-05-29-ci-and-testing-02.md	#3734
repos/vllm-omni/ci/incidents/2026-05-29-ci-and-testing-02.md	#3734
repos/vllm-omni/ci/incidents/_index.md	#3055
repos/vllm-omni/ci/incidents/_index.md	#3332
repos/vllm-omni/ci/incidents/_index.md	#3723
repos/vllm-omni/ci/incidents/_index.md	#3766
repos/vllm-omni/ci/incidents/_index.md	#3723
repos/vllm-omni/ci/incidents/_index.md	#3766
repos/vllm-omni/ci/incidents/_index.md	#3474
repos/vllm-omni/ci/incidents/_index.md	#3734
repos/vllm-omni/ci/incidents/_index.md	#3734
repos/vllm-omni/debug/guides/alignment-debug.md	hunyuan_image3.py:1719
repos/vllm-omni/debug/guides/alignment-debug.md	modeling_hunyuan_image_3.py:2437
repos/vllm-omni/debug/guides/alignment-debug.md	FP32
repos/vllm-omni/debug/guides/alignment-debug.md	hunyuan3.0_ins/modeling_hunyuan_image_3.py:1964
repos/vllm-omni/debug/guides/alignment-debug.md	BF16
repos/vllm-omni/debug/guides/alignment-debug.md	BF16
repos/vllm-omni/debug/guides/alignment-debug.md	BF16
repos/vllm-omni/debug/guides/alignment-debug.md	BF16
repos/vllm-omni/debug/guides/alignment-debug.md	BF16
repos/vllm-omni/debug/guides/alignment-debug.md	BF16
repos/vllm-omni/debug/guides/alignment-debug.md	BF16
repos/vllm-omni/debug/guides/alignment-debug.md	#2713
repos/vllm-omni/debug/guides/alignment-debug.md	BF16
repos/vllm-omni/debug/guides/alignment-debug.md	BF16
repos/vllm-omni/debug/guides/alignment-debug.md	BF16
repos/vllm-omni/debug/guides/conclusion-discipline-cases.md	#3444
repos/vllm-omni/debug/guides/conclusion-discipline-cases.md	#3444
repos/vllm-omni/debug/guides/conclusion-discipline-cases.md	#3444
repos/vllm-omni/debug/guides/conclusion-discipline-cases.md	#3444
repos/vllm-omni/debug/guides/conclusion-discipline-cases.md	#3444
repos/vllm-omni/debug/guides/conclusion-discipline-cases.md	#3444
repos/vllm-omni/debug/guides/conclusion-discipline-cases.md	#3444
repos/vllm-omni/debug/guides/conclusion-discipline-cases.md	#3444
repos/vllm-omni/debug/guides/conclusion-discipline-cases.md	BF16
repos/vllm-omni/debug/guides/conclusion-discipline-cases.md	FP8
repos/vllm-omni/debug/guides/conclusion-discipline-cases.md	#3444
repos/vllm-omni/debug/guides/debug-funnel-cases.md	#3444
repos/vllm-omni/debug/guides/debug-funnel-cases.md	serving_chat.py:2353
repos/vllm-omni/debug/guides/debug-funnel-cases.md	#3444
repos/vllm-omni/debug/guides/debug-funnel-cases.md	#3611
repos/vllm-omni/debug/guides/seed-determinism-audit.md	api_server.py:1845
repos/vllm-omni/debug/guides/seed-determinism-audit.md	BF16
repos/vllm-omni/debug/guides/seed-determinism-audit.md	BF16
repos/vllm-omni/debug/guides/seed-determinism-audit.md	serving_chat.py:2282
repos/vllm-omni/debug/guides/seed-determinism-audit.md	#3444
repos/vllm-omni/debug/guides/seed-determinism-audit.md	42 steps
repos/vllm-omni/debug/guides/seed-determinism-audit.md	serving_chat.py:2282
repos/vllm-omni/debug/guides/seed-determinism-audit.md	#3444
repos/vllm-omni/debug/guides/seed-determinism-audit.md	serving_chat.py:2282
repos/vllm-omni/debug/guides/style-bias-debug.md	BF16
repos/vllm-omni/debug/guides/style-bias-debug.md	35 dB
repos/vllm-omni/debug/guides/style-bias-debug.md	15 dB
repos/vllm-omni/debug/guides/style-bias-debug.md	FP32
repos/vllm-omni/debug/guides/style-bias-debug.md	FP32
repos/vllm-omni/debug/guides/style-bias-debug.md	base_loader.py:80
repos/vllm-omni/debug/guides/style-bias-debug.md	FP32
repos/vllm-omni/debug/guides/style-bias-debug.md	hunyuan_fused_moe.py:32
repos/vllm-omni/debug/guides/style-bias-debug.md	FP32
repos/vllm-omni/debug/guides/style-bias-debug.md	FP32
repos/vllm-omni/debug/guides/systematic-vs-stochastic.md	BF16
repos/vllm-omni/debug/guides/systematic-vs-stochastic.md	#3444
repos/vllm-omni/debug/guides/systematic-vs-stochastic.md	#3444
repos/vllm-omni/dev/guides/omni-init-args.md	end2end.py:158
repos/vllm-omni/docs/rfcs/status.md	#4864
repos/vllm-omni/docs/rfcs/status.md	#203
repos/vllm-omni/git/guides/branch-push-rebase.md	#3766
repos/vllm-omni/git/guides/branch-push-rebase.md	#3626
repos/vllm-omni/git/guides/branch-push-rebase.md	#4041
repos/vllm-omni/git/guides/branch-push-rebase.md	#3626
repos/vllm-omni/git/guides/debugging-and-tests.md	#3207
repos/vllm-omni/git/guides/debugging-and-tests.md	#2713
repos/vllm-omni/git/guides/debugging-and-tests.md	#3107
repos/vllm-omni/git/guides/debugging-and-tests.md	#2986
repos/vllm-omni/git/guides/debugging-and-tests.md	#2713
repos/vllm-omni/git/guides/debugging-and-tests.md	#3107
repos/vllm-omni/git/guides/debugging-and-tests.md	#2986
repos/vllm-omni/git/guides/pr-body-model-evidence.md	#3474
repos/vllm-omni/git/guides/pr-body-privacy.md	20 steps
repos/vllm-omni/git/guides/pr-body-provenance.md	#3766
repos/vllm-omni/git/guides/pr-body-provenance.md	#3626
repos/vllm-omni/git/guides/scope-narrowing.md	#3483
repos/vllm-omni/git/guides/scope-narrowing.md	#3819
repos/vllm-omni/git/incidents/2026-04-30-git-and-pr-branch-pollution-01.md	inc-2026-04-30-git-and-pr-branch-pollution-01
repos/vllm-omni/git/incidents/2026-04-30-git-and-pr-branch-pollution-01.md	#3243
repos/vllm-omni/git/incidents/2026-05-19-git-and-pr-branch-pollution-03.md	inc-2026-05-19-git-and-pr-branch-pollution-03
repos/vllm-omni/git/incidents/2026-05-19-git-and-pr-branch-pollution-05.md	inc-2026-05-19-git-and-pr-branch-pollution-05
repos/vllm-omni/git/incidents/2026-05-19-git-and-pr-branch-pollution-06.md	inc-2026-05-19-git-and-pr-branch-pollution-06
repos/vllm-omni/git/incidents/2026-05-19-git-and-pr-branch-pollution-06.md	#3723
repos/vllm-omni/git/incidents/2026-05-19-git-and-pr-branch-pollution-07.md	#3734
repos/vllm-omni/git/incidents/2026-05-19-git-and-pr-branch-pollution-07.md	inc-2026-05-19-git-and-pr-branch-pollution-07
repos/vllm-omni/git/incidents/2026-05-19-git-and-pr-branch-pollution-07.md	#3734
repos/vllm-omni/git/incidents/2026-05-19-git-and-pr-branch-pollution-07.md	#3734
repos/vllm-omni/git/incidents/2026-05-20-git-and-pr-branch-pollution-02.md	inc-2026-05-20-git-and-pr-branch-pollution-02
repos/vllm-omni/git/incidents/2026-05-20-git-and-pr-branch-pollution-04.md	#3766
repos/vllm-omni/git/incidents/2026-05-20-git-and-pr-branch-pollution-04.md	inc-2026-05-20-git-and-pr-branch-pollution-04
repos/vllm-omni/git/incidents/2026-05-20-git-and-pr-branch-pollution-04.md	#3766
repos/vllm-omni/git/incidents/2026-05-27-git-and-pr-branch-pollution-08.md	#3734
repos/vllm-omni/git/incidents/2026-05-27-git-and-pr-branch-pollution-08.md	inc-2026-05-27-git-and-pr-branch-pollution-08
repos/vllm-omni/git/incidents/2026-05-27-git-and-pr-branch-pollution-08.md	#3734
repos/vllm-omni/git/incidents/2026-05-27-git-and-pr-branch-pollution-08.md	#3734
repos/vllm-omni/git/incidents/2026-05-27-git-and-pr-branch-pollution-09.md	inc-2026-05-27-git-and-pr-branch-pollution-09
repos/vllm-omni/git/incidents/2026-05-27-git-and-pr-branch-pollution-09.md	#3734
repos/vllm-omni/git/incidents/2026-05-29-git-and-pr-branch-pollution-10.md	#3626
repos/vllm-omni/git/incidents/2026-05-29-git-and-pr-branch-pollution-10.md	inc-2026-05-29-git-and-pr-branch-pollution-10
repos/vllm-omni/git/incidents/2026-05-29-git-and-pr-branch-pollution-10.md	#3626
repos/vllm-omni/git/incidents/_index.md	#3734
repos/vllm-omni/git/incidents/_index.md	#3766
repos/vllm-omni/git/incidents/_index.md	#3734
repos/vllm-omni/git/incidents/_index.md	#3626
repos/vllm-omni/models/hunyuan-image3/architecture.md	pipeline_hunyuan_image3.py:91
repos/vllm-omni/models/hunyuan-image3/architecture.md	autoencoder.py:26
repos/vllm-omni/models/hunyuan-image3/guides/hf-alignment-pitfalls.md	modeling_hunyuan_image_3.py:3237
repos/vllm-omni/models/hunyuan-image3/guides/hf-baseline-runbook.md	250GB
repos/vllm-omni/models/hunyuan-image3/guides/hf-baseline-runbook.md	23GB
repos/vllm-omni/models/hunyuan-image3/guides/hf-baseline-runbook.md	1.2GB
repos/vllm-omni/models/hunyuan-image3/guides/hf-baseline-runbook.md	23GB
repos/vllm-omni/models/hunyuan-image3/guides/hf-baseline-runbook.md	250GB
repos/vllm-omni/models/hunyuan-image3/guides/hf-baseline-runbook.md	1.2GB
repos/vllm-omni/models/hunyuan-image3/guides/hf-baseline-runbook.md	61GB
repos/vllm-omni/models/hunyuan-image3/guides/hf-baseline-runbook.md	47GB
repos/vllm-omni/models/hunyuan-image3/guides/hf-baseline-runbook.md	47GB
repos/vllm-omni/models/hunyuan-image3/guides/hf-baseline-runbook.md	39GB
repos/vllm-omni/models/hunyuan-image3/guides/hf-omni-alignment-method.md	BF16
repos/vllm-omni/models/hunyuan-image3/guides/hf-omni-alignment-method.md	BF16
repos/vllm-omni/models/hunyuan-image3/guides/hf-omni-alignment-method.md	BF16
repos/vllm-omni/models/hunyuan-image3/guides/hf-omni-alignment-method.md	BF16
repos/vllm-omni/models/hunyuan-image3/guides/hf-omni-alignment-method.md	#2713
repos/vllm-omni/models/hunyuan-image3/guides/hf-omni-alignment-method.md	#3107
repos/vllm-omni/models/hunyuan-image3/guides/hf-omni-alignment-method.md	BF16
repos/vllm-omni/models/hunyuan-image3/guides/hf-omni-alignment-method.md	BF16
repos/vllm-omni/models/hunyuan-image3/guides/hf-omni-alignment-method.md	BF16
repos/vllm-omni/models/hunyuan-image3/guides/it2i-gap.md	stage_input_processors/hunyuan_image3.py:111
repos/vllm-omni/models/hunyuan-image3/guides/it2i-gap.md	vllm_omni/diffusion/models/glm_image/pipeline_glm_image.py:602
repos/vllm-omni/models/hunyuan-image3/guides/it2i-gap.md	#2949
repos/vllm-omni/models/hunyuan-image3/guides/it2i-gap.md	modeling_hunyuan_image_3.py:2668
repos/vllm-omni/models/hunyuan-image3/guides/it2i-gap.md	#2949
repos/vllm-omni/models/hunyuan-image3/guides/it2i-gap.md	#2949
repos/vllm-omni/models/hunyuan-image3/guides/it2i-gap.md	#2949
repos/vllm-omni/models/hunyuan-image3/guides/it2i-gap.md	#2949
repos/vllm-omni/models/hunyuan-image3/guides/official-prompt-format.md	#3107
repos/vllm-omni/models/hunyuan-image3/guides/official-prompt-format.md	hunyuan_image3.py:1062
repos/vllm-omni/models/hunyuan-image3/guides/run-image-gen-demo.md	45 GB
repos/vllm-omni/models/hunyuan-image3/guides/run-image-gen-demo.md	flashinfer/jit/cpp_ext.py:342
repos/vllm-omni/models/hunyuan-image3/history/_index.md	FP32
repos/vllm-omni/models/hunyuan-image3/history/_index.md	FP8
repos/vllm-omni/models/hunyuan-image3/history/_index.md	FP8
repos/vllm-omni/models/hunyuan-image3/history/alignment-inventory.md	#3243
repos/vllm-omni/models/hunyuan-image3/history/alignment-inventory.md	hunyuan_image3.py:1850
repos/vllm-omni/models/hunyuan-image3/history/alignment-inventory.md	BF16
repos/vllm-omni/models/hunyuan-image3/history/alignment-inventory.md	hunyuan3.0_ins/modeling_hunyuan_image_3.py:3237
repos/vllm-omni/models/hunyuan-image3/history/alignment-inventory.md	hunyuan3.0_ins/modeling_hunyuan_image_3.py:1102
repos/vllm-omni/models/hunyuan-image3/history/alignment-inventory.md	hunyuan3.0_ins/modeling_hunyuan_image_3.py:1204
repos/vllm-omni/models/hunyuan-image3/history/alignment-inventory.md	hunyuan3.0_ins/modeling_hunyuan_image_3.py:1132
repos/vllm-omni/models/hunyuan-image3/history/alignment-inventory.md	vllm_omni/model_executor/models/hunyuan_image3/hunyuan_image3.py:1156
repos/vllm-omni/models/hunyuan-image3/history/alignment-inventory.md	vllm_omni/model_executor/models/hunyuan_image3/hunyuan_image3.py:1553
repos/vllm-omni/models/hunyuan-image3/history/alignment-inventory.md	BF16
repos/vllm-omni/models/hunyuan-image3/history/ar-graph-online-profiling-2026-06-08.md	10.19 tok/s
repos/vllm-omni/models/hunyuan-image3/history/ar-graph-online-profiling-2026-06-08.md	2980.83ms
repos/vllm-omni/models/hunyuan-image3/history/ar-graph-online-profiling-2026-06-08.md	96.57ms
repos/vllm-omni/models/hunyuan-image3/history/ar-graph-online-profiling-2026-06-08.md	1GB
repos/vllm-omni/models/hunyuan-image3/history/ar-graph-online-profiling-2026-06-08.md	1.2GB
repos/vllm-omni/models/hunyuan-image3/history/ar-graph-online-profiling-2026-06-08.md	137GB
repos/vllm-omni/models/hunyuan-image3/history/ar-only-tp2-benchmark-runbook.md	#3767
repos/vllm-omni/models/hunyuan-image3/history/ar-only-tp2-benchmark-runbook.md	#3767
repos/vllm-omni/models/hunyuan-image3/history/ar-only-tp2-benchmark-runbook.md	#3767
repos/vllm-omni/models/hunyuan-image3/history/ar-only-tp2-benchmark-runbook.md	7758.9ms
repos/vllm-omni/models/hunyuan-image3/history/ar-only-tp2-benchmark-runbook.md	7892.4ms
repos/vllm-omni/models/hunyuan-image3/history/ar-only-tp2-benchmark-runbook.md	7910.3ms
repos/vllm-omni/models/hunyuan-image3/history/ar-only-tp2-benchmark-runbook.md	10430.6ms
repos/vllm-omni/models/hunyuan-image3/history/ar-only-tp2-benchmark-runbook.md	1441.1ms
repos/vllm-omni/models/hunyuan-image3/history/ar-only-tp2-benchmark-runbook.md	1485.1ms
repos/vllm-omni/models/hunyuan-image3/history/ar-only-tp2-benchmark-runbook.md	1510.7ms
repos/vllm-omni/models/hunyuan-image3/history/ar-only-tp2-benchmark-runbook.md	1628.6ms
repos/vllm-omni/models/hunyuan-image3/history/ci-progress.md	158GB
repos/vllm-omni/models/hunyuan-image3/history/ci-progress.md	weight_utils.py:50
repos/vllm-omni/models/hunyuan-image3/history/ci-progress.md	1GB
repos/vllm-omni/models/hunyuan-image3/history/legacy-error-summary.md	#2713
repos/vllm-omni/models/hunyuan-image3/history/legacy-error-summary.md	#2986
repos/vllm-omni/models/hunyuan-image3/history/legacy-error-summary.md	#3107
repos/vllm-omni/models/hunyuan-image3/history/legacy-error-summary.md	#3243
repos/vllm-omni/models/hunyuan-image3/history/legacy-error-summary.md	modeling_hunyuan_image_3.py:3237
repos/vllm-omni/models/hunyuan-image3/history/moe-fp32-router.md	fused_moe/layer.py:327
repos/vllm-omni/models/hunyuan-image3/history/moe-fp32-router.md	79 GiB
repos/vllm-omni/models/hunyuan-image3/history/multi-image-input-plumbing.md	tokenization_hunyuan_image_3.py:1499
repos/vllm-omni/models/hunyuan-image3/history/multi-image-input-plumbing.md	vllm_omni/model_executor/models/hunyuan_image3/hunyuan_image3.py:917
repos/vllm-omni/models/hunyuan-image3/history/multi-image-input-plumbing.md	pipeline_hunyuan_image3.py:287
repos/vllm-omni/models/hunyuan-image3/history/multi-image-input-plumbing.md	vllm_omni/diffusion/models/hunyuan_image3/pipeline_hunyuan_image3.py:554
repos/vllm-omni/models/hunyuan-image3/history/multi-image-input-plumbing.md	96.6 GB
repos/vllm-omni/models/hunyuan-image3/history/multi-image-input-plumbing.md	pipeline_hunyuan_image3.py:287
repos/vllm-omni/models/hunyuan-image3/history/multi-image-input-plumbing.md	hunyuan3.0_ins/image_processor.py:32
repos/vllm-omni/models/hunyuan-image3/history/painterly-drift-investigation.md	143GB
repos/vllm-omni/models/hunyuan-image3/history/painterly-drift-investigation.md	pipeline_hunyuan_image3.py:341
repos/vllm-omni/models/hunyuan-image3/history/painterly-drift-investigation.md	FP32
repos/vllm-omni/models/hunyuan-image3/history/painterly-drift-investigation.md	BF16
repos/vllm-omni/models/hunyuan-image3/history/painterly-drift-investigation.md	FP16
repos/vllm-omni/models/hunyuan-image3/history/painterly-drift-investigation.md	pipeline_hunyuan_image3.py:649
repos/vllm-omni/models/hunyuan-image3/history/painterly-drift-investigation.md	FP16
repos/vllm-omni/models/hunyuan-image3/history/painterly-drift-investigation.md	BF16
repos/vllm-omni/models/hunyuan-image3/history/painterly-drift-investigation.md	FP32
repos/vllm-omni/models/hunyuan-image3/history/painterly-drift-investigation.md	FP32
repos/vllm-omni/models/hunyuan-image3/history/painterly-drift-investigation.md	pipeline_hunyuan_image3.py:349
repos/vllm-omni/models/hunyuan-image3/history/painterly-drift-investigation.md	#2949
repos/vllm-omni/models/hunyuan-image3/history/painterly-drift-investigation.md	hunyuan_image3_transformer.py:2890
repos/vllm-omni/models/hunyuan-image3/history/painterly-drift-investigation.md	FP16
repos/vllm-omni/models/hunyuan-image3/history/painterly-drift-investigation.md	BF16
repos/vllm-omni/models/hunyuan-image3/history/painterly-drift-investigation.md	FP32
repos/vllm-omni/models/hunyuan-image3/history/painterly-drift-investigation.md	#2949
repos/vllm-omni/models/hunyuan-image3/history/profiling-tp4-fp8-baseline.md	80GB
repos/vllm-omni/models/hunyuan-image3/history/profiling-tp4-fp8-baseline.md	32.8 GB
repos/vllm-omni/models/hunyuan-image3/history/stage-device-mapping-race.md	#3207
repos/vllm-omni/models/hunyuan-image3/incidents/2026-05-13-kv-reuse-orchestrator.md	inc-2026-05-13-hunyuan-kv-reuse-orchestrator
repos/vllm-omni/models/hunyuan-image3/incidents/2026-05-13-kv-reuse-orchestrator.md	#3444
repos/vllm-omni/models/hunyuan-image3/incidents/2026-05-13-kv-reuse-orchestrator.md	tokenizer.py:322
repos/vllm-omni/models/hunyuan-image3/incidents/2026-05-13-kv-reuse-orchestrator.md	transformer.py:2668
repos/vllm-omni/models/hunyuan-image3/incidents/2026-05-13-kv-reuse-orchestrator.md	pipeline_hunyuan_image3.py:1328
repos/vllm-omni/models/hunyuan-image3/incidents/2026-05-13-kv-reuse-orchestrator.md	omni_ar_scheduler.py:632
repos/vllm-omni/models/hunyuan-image3/incidents/2026-05-13-kv-reuse-orchestrator.md	omni_ar_scheduler.py:294
repos/vllm-omni/models/hunyuan-image3/incidents/2026-05-13-kv-reuse-orchestrator.md	24 dB
repos/vllm-omni/models/hunyuan-image3/incidents/2026-05-13-kv-reuse-orchestrator.md	#3444
repos/vllm-omni/models/hunyuan-image3/incidents/2026-05-13-kv-reuse-orchestrator.md	hunyuan3.0_ins/modeling_hunyuan_image_3.py:3289
repos/vllm-omni/models/hunyuan-image3/incidents/2026-05-13-kv-reuse-orchestrator.md	modeling_hunyuan_image_3.py:3289
repos/vllm-omni/models/hunyuan-image3/incidents/painterly/2026-05-05-painterly-conditioning-ablation-01.md	inc-2026-05-05-painterly-conditioning-ablation-01
repos/vllm-omni/models/hunyuan-image3/incidents/painterly/2026-05-05-painterly-conditioning-ablation-01.md	#3285
repos/vllm-omni/models/hunyuan-image3/incidents/painterly/2026-05-05-painterly-conditioning-ablation-01.md	#3082
repos/vllm-omni/models/hunyuan-image3/incidents/painterly/2026-05-05-painterly-conditioning-ablation-01.md	#3327
repos/vllm-omni/models/hunyuan-image3/incidents/painterly/2026-05-05-painterly-conditioning-ablation-01.md	#3302
repos/vllm-omni/models/hunyuan-image3/incidents/painterly/2026-05-05-painterly-conditioning-ablation-01.md	#3307
repos/vllm-omni/models/hunyuan-image3/incidents/painterly/2026-05-05-painterly-conditioning-ablation-01.md	#3304
repos/vllm-omni/models/hunyuan-image3/incidents/painterly/2026-05-05-painterly-conditioning-ablation-01.md	#3325
repos/vllm-omni/models/hunyuan-image3/incidents/painterly/2026-05-05-painterly-conditioning-ablation-02.md	inc-2026-05-05-painterly-conditioning-ablation-02
repos/vllm-omni/models/hunyuan-image3/incidents/painterly/2026-05-05-painterly-conditioning-ablation-02.md	FP32
repos/vllm-omni/models/hunyuan-image3/incidents/painterly/2026-05-05-painterly-conditioning-ablation-02.md	FP32
repos/vllm-omni/models/hunyuan-image3/incidents/painterly/2026-05-05-painterly-conditioning-ablation-02.md	BF16
repos/vllm-omni/models/hunyuan-image3/incidents/painterly/2026-05-05-painterly-conditioning-ablation-03.md	inc-2026-05-05-painterly-conditioning-ablation-03
repos/vllm-omni/models/hunyuan-image3/incidents/painterly/2026-05-05-painterly-debug-methodology-misses-01.md	inc-2026-05-05-painterly-debug-methodology-misses-01
repos/vllm-omni/models/hunyuan-image3/incidents/painterly/2026-05-05-painterly-debug-methodology-misses-01.md	vllm_omni/diffusion/models/hunyuan_image3/pipeline_hunyuan_image3.py:341
repos/vllm-omni/models/hunyuan-image3/incidents/painterly/2026-05-05-painterly-debug-methodology-misses-02.md	inc-2026-05-05-painterly-debug-methodology-misses-02
repos/vllm-omni/models/hunyuan-image3/incidents/painterly/2026-05-05-painterly-debug-methodology-misses-03.md	inc-2026-05-05-painterly-debug-methodology-misses-03
repos/vllm-omni/models/hunyuan-image3/incidents/painterly/2026-05-05-painterly-debug-methodology-misses-04.md	inc-2026-05-05-painterly-debug-methodology-misses-04
repos/vllm-omni/models/hunyuan-image3/incidents/painterly/2026-05-05-painterly-debug-methodology-misses-04.md	FP16
repos/vllm-omni/models/hunyuan-image3/incidents/painterly/2026-05-05-painterly-debug-methodology-misses-04.md	BF16
repos/vllm-omni/models/hunyuan-image3/incidents/painterly/2026-05-05-painterly-debug-methodology-misses-04.md	FP16
repos/vllm-omni/models/hunyuan-image3/incidents/painterly/2026-05-05-painterly-debug-methodology-misses-04.md	BF16
repos/vllm-omni/models/hunyuan-image3/incidents/painterly/2026-05-05-painterly-debug-methodology-misses-04.md	BF16
repos/vllm-omni/models/hunyuan-image3/incidents/painterly/2026-05-05-painterly-debug-methodology-misses-04.md	FP16
repos/vllm-omni/models/hunyuan-image3/incidents/painterly/2026-05-05-painterly-debug-methodology-misses-05.md	inc-2026-05-05-painterly-debug-methodology-misses-05
repos/vllm-omni/models/hunyuan-image3/incidents/painterly/2026-05-05-painterly-debug-methodology-misses-05.md	TF32
repos/vllm-omni/models/hunyuan-image3/incidents/painterly/2026-05-05-painterly-debug-methodology-misses-05.md	TF32
repos/vllm-omni/models/hunyuan-image3/incidents/painterly/2026-05-05-painterly-debug-methodology-misses-05.md	FP32
repos/vllm-omni/models/hunyuan-image3/incidents/painterly/2026-05-06-painterly-psnr-pitfalls-01.md	12 dB
repos/vllm-omni/models/hunyuan-image3/incidents/painterly/2026-05-06-painterly-psnr-pitfalls-01.md	inc-2026-05-06-painterly-psnr-pitfalls-01
repos/vllm-omni/models/hunyuan-image3/incidents/painterly/2026-05-06-painterly-psnr-pitfalls-01.md	12 dB
repos/vllm-omni/models/hunyuan-image3/incidents/painterly/2026-05-06-painterly-psnr-pitfalls-01.md	12 dB
repos/vllm-omni/models/hunyuan-image3/incidents/painterly/2026-05-06-painterly-psnr-pitfalls-01.md	11.78 dB
repos/vllm-omni/models/hunyuan-image3/incidents/painterly/2026-05-06-painterly-psnr-pitfalls-01.md	10.86 dB
repos/vllm-omni/models/hunyuan-image3/incidents/painterly/2026-05-06-painterly-psnr-pitfalls-01.md	15.16 dB
repos/vllm-omni/models/hunyuan-image3/incidents/painterly/2026-05-06-painterly-psnr-pitfalls-01.md	11 dB
repos/vllm-omni/models/hunyuan-image3/incidents/painterly/2026-05-06-painterly-psnr-pitfalls-01.md	10.49 dB
repos/vllm-omni/models/hunyuan-image3/incidents/painterly/2026-05-06-painterly-psnr-pitfalls-01.md	11.78 dB
repos/vllm-omni/models/hunyuan-image3/incidents/painterly/2026-05-06-painterly-psnr-pitfalls-02.md	inc-2026-05-06-painterly-psnr-pitfalls-02
repos/vllm-omni/models/hunyuan-image3/incidents/painterly/2026-05-06-painterly-psnr-pitfalls-02.md	#2949
repos/vllm-omni/models/hunyuan-image3/incidents/painterly/2026-05-06-painterly-psnr-pitfalls-02.md	BF16
repos/vllm-omni/models/hunyuan-image3/incidents/painterly/2026-05-06-painterly-psnr-pitfalls-02.md	BF16
repos/vllm-omni/models/hunyuan-image3/incidents/painterly/2026-05-06-painterly-psnr-pitfalls-02.md	BF16
repos/vllm-omni/models/hunyuan-image3/incidents/painterly/2026-05-06-painterly-psnr-pitfalls-02.md	BF16
repos/vllm-omni/models/hunyuan-image3/incidents/painterly/2026-05-06-painterly-psnr-pitfalls-02.md	BF16
repos/vllm-omni/models/hunyuan-image3/incidents/painterly/2026-05-06-painterly-psnr-pitfalls-02.md	FP16
repos/vllm-omni/models/hunyuan-image3/incidents/painterly/2026-05-06-painterly-psnr-pitfalls-02.md	BF16
repos/vllm-omni/models/hunyuan-image3/incidents/painterly/2026-05-06-painterly-psnr-pitfalls-02.md	10 dB
repos/vllm-omni/models/hunyuan-image3/incidents/painterly/2026-05-06-painterly-psnr-pitfalls-02.md	BF16
repos/vllm-omni/models/hunyuan-image3/incidents/painterly/2026-05-06-painterly-psnr-pitfalls-03.md	inc-2026-05-06-painterly-psnr-pitfalls-03
repos/vllm-omni/models/hunyuan-image3/incidents/painterly/2026-05-06-painterly-psnr-pitfalls-03.md	8.96 dB
repos/vllm-omni/models/hunyuan-image3/incidents/painterly/2026-05-06-painterly-psnr-pitfalls-03.md	15 dB
repos/vllm-omni/models/hunyuan-image3/incidents/painterly/2026-05-06-painterly-root-cause-01.md	BF16
repos/vllm-omni/models/hunyuan-image3/incidents/painterly/2026-05-06-painterly-root-cause-01.md	FP32
repos/vllm-omni/models/hunyuan-image3/incidents/painterly/2026-05-06-painterly-root-cause-01.md	inc-2026-05-06-painterly-root-cause-01
repos/vllm-omni/models/hunyuan-image3/incidents/painterly/2026-05-06-painterly-root-cause-01.md	BF16
repos/vllm-omni/models/hunyuan-image3/incidents/painterly/2026-05-06-painterly-root-cause-01.md	FP32
repos/vllm-omni/models/hunyuan-image3/incidents/painterly/2026-05-06-painterly-root-cause-01.md	vllm_omni/diffusion/models/hunyuan_image3/hunyuan_image3_transformer.py:1455
repos/vllm-omni/models/hunyuan-image3/incidents/painterly/2026-05-06-painterly-root-cause-01.md	BF16
repos/vllm-omni/models/hunyuan-image3/incidents/painterly/2026-05-06-painterly-root-cause-01.md	FP32
repos/vllm-omni/models/hunyuan-image3/incidents/painterly/2026-05-06-painterly-root-cause-01.md	BF16
repos/vllm-omni/models/hunyuan-image3/incidents/painterly/2026-05-06-painterly-root-cause-01.md	FP32
repos/vllm-omni/models/hunyuan-image3/incidents/painterly/2026-05-06-painterly-root-cause-01.md	BF16
repos/vllm-omni/models/hunyuan-image3/incidents/painterly/2026-05-06-painterly-root-cause-01.md	FP32
repos/vllm-omni/models/hunyuan-image3/incidents/painterly/2026-05-06-painterly-root-cause-01.md	FP32
repos/vllm-omni/models/hunyuan-image3/incidents/painterly/2026-05-06-painterly-root-cause-01.md	BF16
repos/vllm-omni/models/hunyuan-image3/incidents/painterly/2026-05-06-painterly-root-cause-01.md	BF16
repos/vllm-omni/models/hunyuan-image3/incidents/painterly/2026-05-06-painterly-root-cause-01.md	TF32
repos/vllm-omni/models/hunyuan-image3/incidents/painterly/2026-05-06-painterly-root-cause-01.md	FP32
repos/vllm-omni/models/hunyuan-image3/incidents/painterly/2026-05-06-painterly-root-cause-01.md	FP32
repos/vllm-omni/models/hunyuan-image3/incidents/painterly/2026-05-06-painterly-root-cause-01.md	FP32
repos/vllm-omni/models/hunyuan-image3/incidents/painterly/2026-05-06-painterly-root-cause-02.md	inc-2026-05-06-painterly-root-cause-02
repos/vllm-omni/models/hunyuan-image3/incidents/painterly/2026-05-06-painterly-root-cause-02.md	TF32
repos/vllm-omni/models/hunyuan-image3/incidents/painterly/2026-05-06-painterly-root-cause-02.md	BF16
repos/vllm-omni/models/hunyuan-image3/incidents/painterly/2026-05-06-painterly-root-cause-02.md	FP32
repos/vllm-omni/models/hunyuan-image3/incidents/painterly/2026-05-06-painterly-root-cause-02.md	BF16
repos/vllm-omni/models/hunyuan-image3/incidents/painterly/2026-05-06-painterly-root-cause-03.md	FP32
repos/vllm-omni/models/hunyuan-image3/incidents/painterly/2026-05-06-painterly-root-cause-03.md	inc-2026-05-06-painterly-root-cause-03
repos/vllm-omni/models/hunyuan-image3/incidents/painterly/2026-05-06-painterly-root-cause-03.md	FP32
repos/vllm-omni/models/hunyuan-image3/incidents/painterly/2026-05-06-painterly-root-cause-03.md	FP32
repos/vllm-omni/models/hunyuan-image3/incidents/painterly/2026-05-06-painterly-root-cause-03.md	vllm_omni/diffusion/models/hunyuan_image3/hunyuan_fused_moe.py:32
repos/vllm-omni/models/hunyuan-image3/incidents/painterly/2026-05-06-painterly-root-cause-03.md	base_loader.py:80
repos/vllm-omni/models/hunyuan-image3/incidents/painterly/2026-05-06-painterly-root-cause-03.md	FP32
repos/vllm-omni/models/hunyuan-image3/incidents/painterly/2026-05-06-painterly-root-cause-03.md	FP32
repos/vllm-omni/models/hunyuan-image3/incidents/painterly/2026-05-06-painterly-root-cause-03.md	hunyuan_fused_moe.py:32
repos/vllm-omni/models/hunyuan-image3/incidents/painterly/2026-05-06-painterly-root-cause-03.md	FP32
repos/vllm-omni/models/hunyuan-image3/incidents/painterly/2026-05-06-painterly-root-cause-03.md	FP32
repos/vllm-omni/models/hunyuan-image3/incidents/painterly/2026-05-06-painterly-root-cause-03.md	FP32
repos/vllm-omni/models/hunyuan-image3/incidents/painterly/2026-05-06-painterly-silent-bugs-01.md	inc-2026-05-06-painterly-silent-bugs-01
repos/vllm-omni/models/hunyuan-image3/incidents/painterly/2026-05-06-painterly-silent-bugs-01.md	pipeline_hunyuan_image3.py:1294
repos/vllm-omni/models/hunyuan-image3/incidents/painterly/2026-05-07-painterly-silent-bugs-02.md	inc-2026-05-07-painterly-silent-bugs-02
repos/vllm-omni/models/hunyuan-image3/incidents/painterly/2026-05-07-painterly-silent-bugs-02.md	vllm_omni/model_executor/models/hunyuan_image3/hunyuan_image3.py:1719
repos/vllm-omni/models/hunyuan-image3/incidents/painterly/2026-05-07-painterly-silent-bugs-02.md	autoencoder_kl_3d.py:46
repos/vllm-omni/models/hunyuan-image3/incidents/painterly/2026-05-07-painterly-silent-bugs-02.md	modeling_hunyuan_image_3.py:2437
repos/vllm-omni/models/hunyuan-image3/incidents/painterly/2026-05-07-painterly-silent-bugs-02.md	hunyuan_image3.py:1515
repos/vllm-omni/models/hunyuan-image3/incidents/painterly/2026-05-08-painterly-plan-size-misjudge-01.md	inc-2026-05-08-painterly-plan-size-misjudge-01
repos/vllm-omni/models/hunyuan-image3/incidents/painterly/2026-05-08-painterly-plan-size-misjudge-01.md	pipeline_hunyuan_image3.py:287
repos/vllm-omni/models/hunyuan-image3/incidents/painterly/2026-05-08-painterly-plan-size-misjudge-02.md	inc-2026-05-08-painterly-plan-size-misjudge-02
repos/vllm-omni/models/hunyuan-image3/incidents/painterly/_index.md	12 dB
repos/vllm-omni/models/hunyuan-image3/incidents/painterly/_index.md	BF16
repos/vllm-omni/models/hunyuan-image3/incidents/painterly/_index.md	FP32
repos/vllm-omni/models/hunyuan-image3/incidents/painterly/_index.md	FP32
repos/vllm-omni/remote/incidents/2026-04-27-remote-runtime-gpu-01.md	inc-2026-04-27-remote-runtime-gpu-01
repos/vllm-omni/remote/incidents/2026-04-27-remote-runtime-gpu-01.md	pipeline_hunyuan_image3.py:114
repos/vllm-omni/remote/incidents/2026-05-18-remote-runtime-gpu-02.md	inc-2026-05-18-remote-runtime-gpu-02
repos/vllm-omni/remote/incidents/2026-05-18-remote-runtime-gpu-02.md	#3630
repos/vllm-omni/remote/incidents/2026-05-18-remote-runtime-gpu-03.md	inc-2026-05-18-remote-runtime-gpu-03
repos/vllm-omni/remote/incidents/2026-05-18-remote-runtime-gpu-04.md	inc-2026-05-18-remote-runtime-gpu-04
repos/vllm-omni/remote/incidents/2026-05-18-remote-runtime-gpu-05.md	inc-2026-05-18-remote-runtime-gpu-05
repos/vllm-omni/remote/incidents/2026-05-18-remote-runtime-gpu-05.md	#3626
repos/vllm-omni/remote/incidents/performance-validation/2026-05-19-remote-validation-013.md	inc-2026-05-19-remote-validation-013
repos/vllm-omni/remote/incidents/performance-validation/2026-05-19-remote-validation-013.md	#3606
repos/vllm-omni/remote/incidents/performance-validation/2026-06-01-remote-validation-019.md	inc-2026-06-01-remote-validation-019
repos/vllm-omni/remote/incidents/performance-validation/2026-06-01-remote-validation-019.md	1.38GiB
repos/vllm-omni/remote/incidents/performance-validation/2026-06-01-remote-validation-020.md	inc-2026-06-01-remote-validation-020
repos/vllm-omni/remote/incidents/performance-validation/2026-06-01-remote-validation-020.md	#3938
repos/vllm-omni/remote/incidents/performance-validation/2026-06-01-remote-validation-020.md	#3767
repos/vllm-omni/remote/incidents/performance-validation/2026-06-01-remote-validation-020.md	#3938
repos/vllm-omni/remote/incidents/performance-validation/2026-06-01-remote-validation-020.md	#3767
repos/vllm-omni/remote/incidents/performance-validation/2026-06-01-remote-validation-020.md	#3767
repos/vllm-omni/remote/incidents/performance-validation/2026-06-01-remote-validation-020.md	#3938
repos/vllm-omni/remote/incidents/performance-validation/2026-06-02-remote-validation-021.md	inc-2026-06-02-remote-validation-021
repos/vllm-omni/remote/incidents/performance-validation/2026-06-02-remote-validation-021.md	#3767
repos/vllm-omni/remote/incidents/performance-validation/2026-06-02-remote-validation-021.md	#3767
repos/vllm-omni/remote/incidents/performance-validation/2026-06-02-remote-validation-021.md	#3938
repos/vllm-omni/remote/incidents/performance-validation/2026-06-02-remote-validation-021.md	#3767
repos/vllm-omni/remote/incidents/performance-validation/2026-06-02-remote-validation-021.md	#3767
repos/vllm-omni/remote/incidents/performance-validation/2026-06-02-remote-validation-021.md	#3938
repos/vllm-omni/remote/incidents/performance-validation/2026-06-02-remote-validation-021.md	#3767
repos/vllm-omni/remote/incidents/performance-validation/2026-06-02-remote-validation-022.md	inc-2026-06-02-remote-validation-022
repos/vllm-omni/remote/incidents/performance-validation/2026-06-02-remote-validation-023.md	inc-2026-06-02-remote-validation-023
repos/vllm-omni/remote/incidents/performance-validation/2026-06-02-remote-validation-023.md	#3767
repos/vllm-omni/remote/incidents/performance-validation/2026-06-02-remote-validation-023.md	7758.9ms
repos/vllm-omni/remote/incidents/performance-validation/2026-06-02-remote-validation-023.md	10430.6ms
repos/vllm-omni/remote/incidents/performance-validation/2026-06-02-remote-validation-023.md	7758.9ms
repos/vllm-omni/remote/incidents/performance-validation/2026-06-02-remote-validation-024.md	inc-2026-06-02-remote-validation-024
repos/vllm-omni/remote/incidents/performance-validation/2026-06-02-remote-validation-024.md	#3767
repos/vllm-omni/remote/incidents/performance-validation/2026-06-05-remote-validation-025.md	#4041
repos/vllm-omni/remote/incidents/performance-validation/2026-06-05-remote-validation-025.md	inc-2026-06-05-remote-validation-025
repos/vllm-omni/remote/incidents/performance-validation/2026-06-05-remote-validation-025.md	#4041
repos/vllm-omni/remote/incidents/performance-validation/2026-06-05-remote-validation-025.md	#4041
repos/vllm-omni/remote/incidents/performance-validation/2026-06-05-remote-validation-025.md	#4041
repos/vllm-omni/remote/incidents/performance-validation/2026-06-05-remote-validation-026.md	inc-2026-06-05-remote-validation-026
repos/vllm-omni/remote/incidents/performance-validation/2026-06-05-remote-validation-026.md	160GB
repos/vllm-omni/remote/incidents/performance-validation/2026-06-05-remote-validation-026.md	160GB
repos/vllm-omni/remote/incidents/performance-validation/2026-06-05-remote-validation-026.md	90GB
repos/vllm-omni/remote/incidents/performance-validation/2026-06-08-remote-validation-003.md	inc-2026-06-08-remote-validation-003
repos/vllm-omni/remote/incidents/performance-validation/2026-06-08-remote-validation-003.md	1GB
repos/vllm-omni/remote/incidents/performance-validation/2026-06-08-remote-validation-003.md	1GB
repos/vllm-omni/remote/incidents/performance-validation/2026-06-08-remote-validation-004.md	inc-2026-06-08-remote-validation-004
repos/vllm-omni/remote/incidents/performance-validation/2026-06-08-remote-validation-004.md	1GB
repos/vllm-omni/remote/incidents/performance-validation/2026-06-08-remote-validation-005.md	inc-2026-06-08-remote-validation-005
repos/vllm-omni/remote/incidents/performance-validation/2026-06-08-remote-validation-005.md	10.19 tok/s
repos/vllm-omni/remote/incidents/performance-validation/2026-06-08-remote-validation-005.md	2980.83ms
repos/vllm-omni/remote/incidents/performance-validation/2026-06-08-remote-validation-005.md	96.57ms
repos/vllm-omni/remote/incidents/performance-validation/2026-06-08-remote-validation-027.md	inc-2026-06-08-remote-validation-027
repos/vllm-omni/remote/incidents/performance-validation/2026-06-08-remote-validation-027.md	1.2GB
repos/vllm-omni/remote/incidents/performance-validation/2026-06-12-remote-validation-028.md	inc-2026-06-12-remote-validation-028
repos/vllm-omni/remote/incidents/performance-validation/2026-06-12-remote-validation-028.md	#4363
repos/vllm-omni/remote/incidents/performance-validation/2026-06-12-remote-validation-028.md	50ms
repos/vllm-omni/remote/incidents/performance-validation/2026-06-12-remote-validation-029.md	inc-2026-06-12-remote-validation-029
repos/vllm-omni/remote/incidents/performance-validation/2026-06-12-remote-validation-029.md	100ms
repos/vllm-omni/remote/incidents/performance-validation/2026-06-12-remote-validation-029.md	50ms
repos/vllm-omni/remote/incidents/performance-validation/2026-06-12-remote-validation-029.md	1GB
repos/vllm-omni/remote/incidents/performance-validation/2026-06-15-remote-validation-002.md	#4041
repos/vllm-omni/remote/incidents/performance-validation/2026-06-15-remote-validation-002.md	inc-2026-06-15-remote-validation-002
repos/vllm-omni/remote/incidents/performance-validation/2026-06-15-remote-validation-002.md	#4041
repos/vllm-omni/remote/incidents/performance-validation/2026-06-15-remote-validation-002.md	#4041
repos/vllm-omni/remote/incidents/performance-validation/2026-06-15-remote-validation-002.md	50 steps
repos/vllm-omni/remote/incidents/performance-validation/2026-06-15-remote-validation-002.md	8 steps
repos/vllm-omni/remote/incidents/performance-validation/2026-06-16-remote-validation-030.md	#4464
repos/vllm-omni/remote/incidents/performance-validation/2026-06-16-remote-validation-030.md	inc-2026-06-16-remote-validation-030
repos/vllm-omni/remote/incidents/performance-validation/2026-06-16-remote-validation-030.md	#4464
repos/vllm-omni/remote/incidents/performance-validation/2026-06-16-remote-validation-030.md	#4464
repos/vllm-omni/remote/incidents/performance-validation/2026-06-16-remote-validation-030.md	#4464
repos/vllm-omni/remote/incidents/performance-validation/2026-06-16-remote-validation-030.md	20 steps
repos/vllm-omni/remote/incidents/performance-validation/2026-06-16-remote-validation-030.md	142.31ms
repos/vllm-omni/remote/incidents/performance-validation/2026-06-16-remote-validation-030.md	8.81ms
repos/vllm-omni/remote/incidents/performance-validation/2026-06-16-remote-validation-030.md	#4464
repos/vllm-omni/remote/incidents/performance-validation/2026-06-16-remote-validation-030.md	125GB
repos/vllm-omni/remote/incidents/performance-validation/2026-06-17-remote-validation-001.md	#4041
repos/vllm-omni/remote/incidents/performance-validation/2026-06-17-remote-validation-001.md	inc-2026-06-17-remote-validation-001
repos/vllm-omni/remote/incidents/performance-validation/2026-06-17-remote-validation-001.md	#4041
repos/vllm-omni/remote/incidents/performance-validation/2026-06-17-remote-validation-001.md	#4041
repos/vllm-omni/remote/incidents/performance-validation/2026-06-17-remote-validation-001.md	50 steps
repos/vllm-omni/remote/incidents/performance-validation/2026-06-17-remote-validation-031.md	#4464
repos/vllm-omni/remote/incidents/performance-validation/2026-06-17-remote-validation-031.md	inc-2026-06-17-remote-validation-031
repos/vllm-omni/remote/incidents/performance-validation/2026-06-17-remote-validation-031.md	#4464
repos/vllm-omni/remote/incidents/performance-validation/2026-06-17-remote-validation-031.md	#4464
repos/vllm-omni/remote/incidents/performance-validation/2026-06-17-remote-validation-031.md	24 fps
repos/vllm-omni/remote/incidents/performance-validation/2026-06-17-remote-validation-031.md	20 steps
repos/vllm-omni/remote/incidents/performance-validation/2026-06-22-remote-validation-032.md	inc-2026-06-22-remote-validation-032
repos/vllm-omni/remote/incidents/performance-validation/2026-06-22-remote-validation-032.md	100GB
repos/vllm-omni/remote/incidents/performance-validation/_index.md	#4041
repos/vllm-omni/remote/incidents/performance-validation/_index.md	#4041
repos/vllm-omni/remote/incidents/performance-validation/_index.md	#4041
repos/vllm-omni/remote/incidents/workflow-validation/2026-04-27-remote-validation-007.md	inc-2026-04-27-remote-validation-007
repos/vllm-omni/remote/incidents/workflow-validation/2026-05-18-remote-validation-008.md	inc-2026-05-18-remote-validation-008
repos/vllm-omni/remote/incidents/workflow-validation/2026-05-18-remote-validation-009.md	inc-2026-05-18-remote-validation-009
repos/vllm-omni/remote/incidents/workflow-validation/2026-05-19-remote-validation-006.md	inc-2026-05-19-remote-validation-006
repos/vllm-omni/remote/incidents/workflow-validation/2026-05-19-remote-validation-010.md	inc-2026-05-19-remote-validation-010
repos/vllm-omni/remote/incidents/workflow-validation/2026-05-19-remote-validation-011.md	inc-2026-05-19-remote-validation-011
repos/vllm-omni/remote/incidents/workflow-validation/2026-05-19-remote-validation-011.md	#3606
repos/vllm-omni/remote/incidents/workflow-validation/2026-05-19-remote-validation-012.md	inc-2026-05-19-remote-validation-012
repos/vllm-omni/remote/incidents/workflow-validation/2026-05-19-remote-validation-012.md	#3606
repos/vllm-omni/remote/incidents/workflow-validation/2026-05-19-remote-validation-014.md	inc-2026-05-19-remote-validation-014
repos/vllm-omni/remote/incidents/workflow-validation/2026-05-19-remote-validation-014.md	#3606
repos/vllm-omni/remote/incidents/workflow-validation/2026-05-20-remote-validation-015.md	inc-2026-05-20-remote-validation-015
repos/vllm-omni/remote/incidents/workflow-validation/2026-05-20-remote-validation-016.md	inc-2026-05-20-remote-validation-016
repos/vllm-omni/remote/incidents/workflow-validation/2026-05-20-remote-validation-016.md	#3743
repos/vllm-omni/remote/incidents/workflow-validation/2026-05-20-remote-validation-017.md	inc-2026-05-20-remote-validation-017
repos/vllm-omni/remote/incidents/workflow-validation/2026-05-20-remote-validation-018.md	inc-2026-05-20-remote-validation-018
repos/vllm-omni/remote/incidents/workflow-validation/2026-05-20-remote-validation-018.md	#3743
repos/vllm-omni/review/guides/model-adaptation-guardrails.md	96GB
repos/vllm-omni/review/guides/model-adaptation-guardrails.md	62GB
repos/vllm-omni/review/guides/model-validation.md	#3474
